Date,SBSW,UMC,SEDG,DLHC ,CPT
2/24/2016,12.705882,2.01,24.9,3.2,73.830002
2/25/2016,13.470588,2.05,25.190001,3.14,74.260002
2/26/2016,13.254902,2.05,24.700001,3.19,74.279999
2/29/2016,14.088235,2.07,24.469999,3.11,74.739998
3/1/2016,13.098039,2.08,26.02,3.2,76.760002
3/2/2016,13.970588,2.08,28.030001,3.16,78.43
3/3/2016,14.254902,2.1,27.66,3.11,79.220001
3/4/2016,13.656863,2.12,26.530001,3.3,79.139999
3/7/2016,14.215686,2.11,27.110001,3.14,79.059998
3/8/2016,14.186275,2.06,26.92,3.25,79.050003
3/9/2016,13.813725,2.05,26.74,3.18,79.220001
3/10/2016,14.382353,2.09,26.73,3.18,78.75
3/11/2016,13.980392,2.14,27.75,3.19,79.190002
3/14/2016,13.558824,2.09,26.9,3.35,79.360001
3/15/2016,13.72549,2.06,26.360001,3.43,79.75
3/16/2016,14.735294,2.13,26.129999,3.38,80.18
3/17/2016,14.558824,2.1,27.200001,3.62,81.919998
3/18/2016,14.686275,2.12,26.200001,3.35,82.370003
3/21/2016,14.578431,2.1,26.209999,3.51,81.730003
3/22/2016,14.705882,2.11,25.030001,3.36,82.099998
3/23/2016,13.833333,2.09,24.09,3.51,82.019997
3/24/2016,14.333333,2.11,24.24,3.74,81.550003
3/28/2016,14.303922,2.07,24.290001,4.13,82.269997
3/29/2016,15.401961,2.05,25.18,4.27,83.5
3/30/2016,15.137255,2.11,25.17,4.02,83.519997
3/31/2016,14.872549,2.08,25.139999,3.84,84.089996
4/1/2016,14.862745,2.13,24.66,3.94,83.830002
4/4/2016,14.019608,2.09,25.17,3.65,84.07
4/5/2016,14.313725,2.07,24.74,3.55,82.970001
4/6/2016,14.245098,2.02,25.360001,3.66,83.419998
4/7/2016,14.509804,1.98,25.139999,3.66,82.68
4/8/2016,14.637255,2,25.049999,3.66,82.900002
4/11/2016,15.872549,2,24.690001,3.65,82.330002
4/12/2016,16.029411,2.04,24.49,3.87,82.510002
4/13/2016,15.411765,2.04,25.200001,3.74,81.900002
4/14/2016,14.696078,2.02,25.129999,3.7,80.080002
4/15/2016,14.980392,2,24.940001,3.67,81.82
4/18/2016,14.54902,2.04,26.25,3.67,82.169998
4/19/2016,15.215686,2.03,26.809999,3.69,82.209999
4/20/2016,14.568627,2,27.42,3.69,80.760002
4/21/2016,14.754902,1.97,27.860001,3.71,80.110001
4/22/2016,14.117647,1.99,27.959999,3.8,81.32
4/25/2016,13.72549,1.99,27.309999,3.82,82.57
4/26/2016,13.627451,1.99,27.700001,3.81,82.639999
4/27/2016,13.990196,1.95,28.48,3.97,82.040001
4/28/2016,14.617647,1.89,26.67,3.98,82.269997
4/29/2016,15.098039,1.89,26.790001,4.05,80.730003
5/2/2016,14.519608,1.85,26.790001,3.98,82.300003
5/3/2016,14.137255,1.78,25.4,4.31,81.68
5/4/2016,13.5,1.8,24.379999,4.75,83.239998
5/5/2016,14.392157,1.8,22.07,4.61,84.050003
5/6/2016,14.823529,1.78,22.290001,4.72,85.669998
5/9/2016,12.95098,1.81,22.59,4.62,86.129997
5/10/2016,13.382353,1.78,19.17,4.62,86.459999
5/11/2016,14.029412,1.81,19.1,4.48,85.57
5/12/2016,13.215686,1.77,17.879999,4.43,86.629997
5/13/2016,13.529412,1.75,17.51,4.5,85.949997
5/16/2016,13.519608,1.8,18.23,4.5,86.800003
5/17/2016,13.088235,1.79,18.469999,4.29,85.800003
5/18/2016,11.911765,1.8,19.82,4.38,85.32
5/19/2016,12.009804,1.76,19.16,4.38,83.629997
5/20/2016,12.107843,1.8,19.41,4.23,84.510002
5/23/2016,11.931373,1.81,20.17,4.12,84.169998
5/24/2016,11.313725,1.83,20.809999,4,85.040001
5/25/2016,11.676471,1.86,21.16,4.12,84.669998
5/26/2016,11.647059,1.88,21.42,4.23,84.889999
5/27/2016,11.303922,1.89,21.6,4.38,85.230003
5/31/2016,11.480392,1.88,21.85,4.2,85.209999
6/1/2016,11.666667,1.89,20.959999,4.25,84.099998
6/2/2016,11.715686,1.92,21.290001,4.53,83.989998
6/3/2016,12.637255,1.91,21.030001,4.84,82.059998
6/6/2016,12.323529,1.92,21.52,5.08,80.339996
6/7/2016,12.078431,1.96,21.99,4.87,81.129997
6/8/2016,12.666667,2.02,22.540001,4.7,80.559998
6/9/2016,12.833333,2.01,22.549999,4.51,80.809998
6/10/2016,12.343137,1.95,20.959999,4.33,80.809998
6/13/2016,11.862745,1.96,20.860001,4.25,81.610001
6/14/2016,11.666667,1.91,21.049999,4.24,81.839996
6/15/2016,12.303922,1.93,21.139999,4.3,83.199997
6/16/2016,11.72549,1.88,20.799999,4.4,83.82
6/17/2016,11.921569,1.9,20.530001,4.65,82.949997
6/20/2016,11.823529,1.94,20.719999,4.72,83.440002
6/21/2016,11.245098,1.95,20.35,4.62,83.43
6/22/2016,11.823529,1.96,20.459999,4.79,84.230003
6/23/2016,11.696078,1.99,20.030001,4.77,85.050003
6/24/2016,12.852941,1.92,19.049999,5,84.489998
6/27/2016,12.529412,1.96,18.18,4.99,85.32
6/28/2016,12.5,1.99,19.41,4.94,85.760002
6/29/2016,13.205882,2,19.799999,5.04,87.199997
6/30/2016,13.352941,1.99,19.6,5.05,88.419998
7/1/2016,14.009804,1.98,19.51,4.71,88.809998
7/5/2016,14.431373,1.97,18.719999,4.76,89.839996
7/6/2016,14.911765,1.95,19.08,4.86,89.989998
7/7/2016,14.676471,2.01,19.42,5.28,89.75
7/8/2016,15.431373,2.01,19.68,5.24,90.160004
7/11/2016,15.54902,2.09,19.82,5.38,90.290001
7/12/2016,15.77451,2.01,19.85,5.5,89.910004
7/13/2016,16.647058,2,19.690001,5.52,90.139999
7/14/2016,16.686275,2.01,19.799999,5.58,88.379997
7/15/2016,16.745098,2,19.75,5.6,87.669998
7/18/2016,16.862745,2.01,19.719999,5.57,87.919998
7/19/2016,17.362745,1.96,18.65,5.53,88.68
7/20/2016,16.470589,1.98,19.16,5.6,88.889999
7/21/2016,17.264706,2,18.889999,5.5,89.550003
7/22/2016,17.127451,1.98,18.780001,5.56,89.580002
7/25/2016,16.490196,1.95,18.559999,5.02,89.190002
7/26/2016,17.57843,1.99,18.860001,4.96,87.980003
7/27/2016,18.088236,1.9,19.040001,5.05,86.360001
7/28/2016,17.852942,1.91,17.99,5.06,86.809998
7/29/2016,18.284313,1.89,17.9,5.02,89.589996
8/1/2016,19,1.94,17.190001,5.11,89.57
8/2/2016,19.568626,1.9,16.790001,4.97,87.839996
8/3/2016,19.088236,1.89,17.209999,5.04,86.989998
8/4/2016,20.029411,1.92,16.48,4.99,86.110001
8/5/2016,19.549021,1.93,17.26,4.95,86.230003
8/8/2016,19.441175,1.9,17.75,5,87.169998
8/9/2016,19.637255,1.93,18.620001,5,87.449997
8/10/2016,20.372549,1.94,16.82,4.88,86.639999
8/11/2016,19.617647,1.96,18.01,4.95,85.970001
8/12/2016,19.705881,1.93,18.299999,4.93,86.709999
8/15/2016,19.803923,1.93,18.459999,4.97,88.480003
8/16/2016,19.950979,1.91,18.26,5.03,86.599998
8/17/2016,20.147058,1.9,17.76,4.72,86.989998
8/18/2016,20.362745,1.89,17.969999,4.84,86.910004
8/19/2016,19.333332,1.87,17.709999,4.81,86.370003
8/22/2016,18.627451,1.84,17.139999,4.96,86.620003
8/23/2016,18.186275,1.87,17.33,4.83,86.620003
8/24/2016,17.225491,1.88,17.200001,4.87,85.830002
8/25/2016,17.088236,1.9,17.17,4.81,86.599998
8/26/2016,16.490196,1.89,17.15,4.79,86.18
8/29/2016,16.411764,1.87,17.280001,4.73,87.199997
8/30/2016,15.382353,1.88,17.6,4.8,87.260002
8/31/2016,15.127451,1.86,17.02,4.72,87.769997
9/1/2016,15.745098,1.86,16.83,4.75,88.940002
9/2/2016,15.95098,1.87,17.32,4.76,89.589996
9/6/2016,16.127451,1.89,17.450001,4.63,90.040001
9/7/2016,15.794118,1.9,17.34,4.65,90.669998
9/8/2016,15.245098,1.87,17.299999,4.83,88.5
9/9/2016,14.54902,1.86,16.879999,4.7,85.290001
9/12/2016,14.833333,1.87,17.32,4.62,86.800003
9/13/2016,14.186275,1.83,16.889999,4.54,83.690002
9/14/2016,14.166667,1.83,15.61,4.42,84.5
9/15/2016,13.931373,1.82,15.17,4.47,84.93
9/16/2016,13.470588,1.83,14.59,4.69,84.739998
9/19/2016,13.607843,1.84,15.34,4.64,87.410004
9/20/2016,13.372549,1.85,15,4.67,87.699997
9/21/2016,14.460784,1.89,15.05,4.64,84.099998
9/22/2016,14.137255,1.88,15.59,4.53,85.889999
9/23/2016,13.911765,1.87,16.34,4.5,86.480003
9/26/2016,13.676471,1.85,15.94,4.41,87.290001
9/27/2016,13.45098,1.85,16.25,4.47,86.669998
9/28/2016,14.04902,1.85,16.5,4.39,86.43
9/29/2016,13.941176,1.85,17,4.55,84.82
9/30/2016,13.852941,1.85,17.23,4.69,83.739998
10/3/2016,13.666667,1.84,17.190001,4.47,81.919998
10/4/2016,12.313725,1.84,16.74,4.76,81
10/5/2016,12.019608,1.83,17.18,4.8,78.769997
10/6/2016,11.411765,1.83,17.219999,4.88,77.889999
10/7/2016,11.098039,1.84,15.65,4.74,77.5
10/10/2016,11.196078,1.87,16.040001,4.89,78.050003
10/11/2016,10.539216,1.87,15.8,4.81,76.82
10/12/2016,10.813725,1.88,15.54,4.81,77.440002
10/13/2016,11.245098,1.85,15.3,4.8,77.830002
10/14/2016,11.235294,1.88,14.8,4.73,77.830002
10/17/2016,11.156863,1.87,14.14,4.75,77.919998
10/18/2016,11.656863,1.89,14.2,4.73,77.980003
10/19/2016,12.22549,1.86,15.09,4.65,78.489998
10/20/2016,12.019608,1.84,14.78,4.65,78.449997
10/21/2016,12.117647,1.85,14.73,4.72,78.75
10/24/2016,11.666667,1.9,14.2,4.71,79.230003
10/25/2016,11.95098,1.89,13.9,4.61,79.239998
10/26/2016,11.617647,1.83,13.63,4.61,79.599998
10/27/2016,11,1.84,13.35,4.89,77.559998
10/28/2016,10.77451,1.87,13.295,4.91,79.360001
10/31/2016,10.980392,1.9,13.7,5.12,81.440002
11/1/2016,11.45098,1.92,13.4,5.07,80.5
11/2/2016,11.137255,1.87,14.05,5.08,80.730003
11/3/2016,11.411765,1.85,13.9,5.09,81.25
11/4/2016,11.441176,1.84,13.7,5.08,81.75
11/7/2016,10.813725,1.88,14.25,5.09,81.360001
11/8/2016,10.617647,1.87,14.8,5.06,82.190002
11/9/2016,11.107843,1.84,14,5.02,80.059998
11/10/2016,10.156863,1.82,13.9,4.86,77.660004
11/11/2016,9.254902,1.79,13.35,5.1,77.410004
11/14/2016,9.588235,1.8,13.75,5.57,78.419998
11/15/2016,9.803922,1.81,13.55,5.39,76.459999
11/16/2016,9.333333,1.79,13.15,5.24,77.360001
11/17/2016,9.27451,1.8,13,4.8,76.5
11/18/2016,9.176471,1.86,12.95,4.92,76.050003
11/21/2016,9.303922,1.84,12.65,5.36,76
11/22/2016,9,1.83,12.75,5.56,77.720001
11/23/2016,8.647059,1.85,13.25,5.55,77.720001
11/25/2016,8.5,1.84,13.15,5.55,78.339996
11/28/2016,8.823529,1.82,13.2,5.49,78.709999
11/29/2016,8.235294,1.83,12.9,5.52,79.260002
11/30/2016,8.147059,1.82,13.2,6.24,78.709999
12/1/2016,8.176471,1.78,12.5,6.41,78.480003
12/2/2016,8.303922,1.81,12.6,6.65,78.769997
12/5/2016,8.078431,1.78,13.35,6.56,78.580002
12/6/2016,8.009804,1.81,13.75,6.93,77.830002
12/7/2016,8.254902,1.83,14.05,7.11,78.269997
12/8/2016,8.196078,1.85,13.7,6.79,79.379997
12/9/2016,6.960784,1.82,13.65,6.72,79.610001
12/12/2016,6.980392,1.83,13.4,6.25,80.940002
12/13/2016,7.196078,1.81,13.25,6.14,81.339996
12/14/2016,6.509804,1.79,12.95,6.41,79.809998
12/15/2016,6.421569,1.83,12.8,6.23,80.110001
12/16/2016,6.480392,1.8,13.4,6.38,81.830002
12/19/2016,6.568627,1.79,13.9,6.47,82.330002
12/20/2016,6.401961,1.8,13.5,6.68,82.629997
12/21/2016,6.372549,1.8,12.65,6.7,81.389999
12/22/2016,6.284314,1.79,12.65,6.52,82.769997
12/23/2016,6.558824,1.78,12.65,6.41,83.18
12/27/2016,6.735294,1.77,13.3,6.5,83.029999
12/28/2016,6.892157,1.77,12.7,6.05,82.690002
12/29/2016,7.245098,1.75,12.25,6.03,83.300003
12/30/2016,6.921569,1.75,12.4,5.94,84.07
1/3/2017,7.441176,1.78,13.2,5.79,84.059998
1/4/2017,7.666667,1.76,14.4,5.96,85.279999
1/5/2017,8.098039,1.78,13.8,5.99,85.199997
1/6/2017,7.617647,1.8,13.75,6.14,84.800003
1/9/2017,7.735294,1.83,13.5,6.43,84.010002
1/10/2017,7.715686,1.85,13.55,6.47,82.690002
1/11/2017,7.72549,1.87,13.5,6.51,82.220001
1/12/2017,7.833333,1.87,13.5,6.28,82.080002
1/13/2017,7.901961,1.88,13.5,6.54,81.959999
1/17/2017,8.088235,1.85,13.95,6.55,82.589996
1/18/2017,8.137255,1.86,13.3,6.7,82.879997
1/19/2017,7.911765,1.83,13.2,6.49,82.589996
1/20/2017,8.058824,1.85,13.45,6.35,82.980003
1/23/2017,8.637255,1.8,13.3,6.18,82.849998
1/24/2017,8.529412,1.79,12.95,6.43,83.239998
1/25/2017,8.343137,1.78,13.55,6.36,82.879997
1/26/2017,8.147059,1.83,13.2,6.18,83.279999
1/27/2017,8.392157,1.85,13.2,6.16,82.82
1/30/2017,8.421569,1.83,13.1,6,82.290001
1/31/2017,8.882353,1.81,12.95,6.07,83.57
2/1/2017,8.784314,1.88,12.65,5.99,81.57
2/2/2017,9.088235,1.84,12.5,6,84.010002
2/3/2017,8.686275,1.82,12.65,5.8,83.669998
2/6/2017,8.901961,1.84,12.3,5.51,84.43
2/7/2017,8.676471,1.82,12.45,5.95,84.120003
2/8/2017,8.745098,1.83,13,5.94,82.150002
2/9/2017,8.568627,1.83,13.05,5.7,82.209999
2/10/2017,8.764706,1.83,13.5,5.7,82.120003
2/13/2017,8.637255,1.89,13.45,5.62,81.669998
2/14/2017,8.715686,1.88,14.45,5.41,81.379997
2/15/2017,8.745098,1.88,15.05,5.31,80.889999
2/16/2017,8.705882,1.89,14.65,5.3,81.870003
2/17/2017,8.470588,1.92,14.85,5.37,82.07
2/21/2017,8.284314,1.92,15.4,5.35,83.029999
2/22/2017,8.058824,1.92,14.6,5.27,82.769997
2/23/2017,8.45098,1.93,14.95,5.43,83.830002
2/24/2017,8.372549,2.04,14.85,5.63,84.239998
2/27/2017,7.754902,2.04,15,5.64,84.940002
2/28/2017,7.95098,2.04,14.65,5.55,84.650002
3/1/2017,7.921569,2.01,14.15,5.22,83.730003
3/2/2017,7.558824,1.97,14.45,5.08,82.620003
3/3/2017,7.745098,1.96,14.45,5.12,81.720001
3/6/2017,7.539216,1.94,14.45,5.4,81.339996
3/7/2017,7.745098,2.01,14.15,5.21,81.040001
3/8/2017,7.54902,1.98,14.1,5,79.900002
3/9/2017,7.303922,1.94,13.85,4.97,79.059998
3/10/2017,7.382353,1.97,13.95,5.01,79.400002
3/13/2017,7.509804,1.97,14,4.91,79.089996
3/14/2017,7.411765,1.95,13.7,5.08,79.449997
3/15/2017,8.127451,1.97,14.05,5.09,81.349998
3/16/2017,8.235294,2,14.45,5.09,81.290001
3/17/2017,8.254902,1.97,14,5.09,81.959999
3/20/2017,8.284314,1.99,14.3,5.15,81.150002
3/21/2017,8.705882,1.96,13.8,5.21,81.18
3/22/2017,8.813725,1.95,13.9,5.4,81.129997
3/23/2017,8.705882,1.98,13.8,5.28,81.730003
3/24/2017,8.637255,1.98,13.7,5.3,81.870003
3/27/2017,9.215686,1.97,15,5.25,81.010002
3/28/2017,8.705882,1.98,15.3,5.26,80.809998
3/29/2017,8.882353,1.97,15.5,5.26,80.489998
3/30/2017,8.617647,1.94,15.5,5.4,80.519997
3/31/2017,8.637255,1.93,15.6,5.4,80.459999
4/3/2017,9.04902,1.93,15.65,5.85,80.529999
4/4/2017,9.617647,1.96,15.5,5.84,80.940002
4/5/2017,9.598039,1.96,15.1,5.74,81.18
4/6/2017,9.5,1.94,15.65,5.65,81.279999
4/7/2017,9.460784,1.94,15.65,5.62,80.870003
4/10/2017,9.372549,1.93,16.4,4.84,81.25
4/11/2017,9.715686,1.94,15.9,5.06,81.75
4/12/2017,9.696078,1.95,15.8,4.97,81.519997
4/13/2017,10.352941,1.95,15.85,4.87,81.190002
4/17/2017,10.156863,1.94,15.5,4.85,82.449997
4/18/2017,9.813725,1.93,15.35,4.77,82.57
4/19/2017,9.04902,1.89,15.45,4.65,82.239998
4/20/2017,8.921569,1.9,15.85,4.77,82.169998
4/21/2017,8.813725,1.9,15.85,4.77,81.919998
4/24/2017,8.254902,1.9,16.5,4.8,82.360001
4/25/2017,7.980392,1.92,16.4,4.93,84.07
4/26/2017,8.078431,1.93,16.25,5,83.910004
4/27/2017,7.862745,1.93,16.450001,4.97,82.709999
4/28/2017,7.852941,1.94,16.15,5,82.330002
5/1/2017,7.519608,1.93,15.9,5.18,82.379997
5/2/2017,7.558824,1.95,16,5.23,82.099998
5/3/2017,7.647059,1.98,15.75,5.22,81.760002
5/4/2017,7.303922,2.01,15.7,5.08,81.75
5/5/2017,7.441176,2,15.95,4.93,82.360001
5/8/2017,7.470588,2.02,16.049999,4.81,81.449997
5/9/2017,7.627451,2.02,15.85,4.8,81.540001
5/10/2017,8.068627,2.05,17.6,4.58,82.089996
5/11/2017,8.245098,2.03,17.799999,4.64,81.699997
5/12/2017,8.539216,2.03,17.65,4.71,82
5/15/2017,8.441176,2.02,18.299999,4.71,81.669998
5/16/2017,8.411765,2.01,18.1,4.71,81.129997
5/17/2017,8.421569,1.98,17.6,4.65,81.470001
5/18/2017,7.970588,2,17.700001,4.82,82.220001
5/19/2017,5.401961,2.02,17.799999,4.93,82.290001
5/22/2017,5.784314,2.04,18.4,5.1,82.529999
5/23/2017,5.715686,2.05,18.549999,5.19,82.940002
5/24/2017,5.745098,2.06,18.75,5.11,83.599998
5/25/2017,5.568627,2.03,18.85,5.15,83.879997
5/26/2017,5.411765,2.06,18.6,5.3,83.220001
5/30/2017,4.872549,2.06,18.85,5.28,83.160004
5/31/2017,4.960784,2.06,18.6,5.27,83.309998
6/1/2017,4.529412,2.07,18.450001,5.25,83.120003
6/2/2017,4.754902,2.07,18.4,5.32,84.650002
6/5/2017,4.882353,2.07,18.5,5.66,86.07
6/6/2017,5.254902,2.07,18.450001,5.21,85.339996
6/7/2017,5,2.03,18.299999,5.41,86.300003
6/8/2017,4.970588,2.04,19.299999,5.46,86.25
6/9/2017,5.127451,2,19.049999,5.39,86.620003
6/12/2017,5.27451,1.98,19.049999,5.58,86.639999
6/13/2017,5.098039,2,19.4,5.27,87.349998
6/14/2017,4.990196,1.98,19.799999,5.28,87.720001
6/15/2017,4.745098,1.96,19.299999,5.59,88.349998
6/16/2017,4.705882,1.96,19.450001,5.45,88.940002
6/19/2017,4.803922,1.98,19.75,5.2,89.019997
6/20/2017,4.705882,1.97,19.799999,5.25,89.080002
6/21/2017,4.852941,1.99,19.85,5.13,87.660004
6/22/2017,4.911765,1.98,20.75,5.2,87.220001
6/23/2017,4.990196,2.04,21.4,5.7,87.550003
6/26/2017,4.970588,2.11,20.700001,5.92,87.339996
6/27/2017,4.852941,2.11,20.299999,5.64,86.480003
6/28/2017,4.764706,2.33,20.35,5.4,86.129997
6/29/2017,4.607843,2.4,20.15,5.46,85.910004
6/30/2017,4.539216,2.44,20,5.39,85.510002
7/3/2017,4.460784,2.41,20.1,5.63,86.230003
7/5/2017,4.607843,2.4,19.25,5.64,87.269997
7/6/2017,4.578431,2.38,19.549999,5.73,85.68
7/7/2017,4.441176,2.36,20.9,5.72,86.199997
7/10/2017,4.558824,2.36,21.35,5.72,84.639999
7/11/2017,4.676471,2.29,21.6,5.71,84.190002
7/12/2017,4.764706,2.35,21.799999,5.76,85.400002
7/13/2017,4.647059,2.44,21.799999,5.74,85.150002
7/14/2017,4.77451,2.43,21.85,5.62,86.370003
7/17/2017,4.77451,2.42,21.85,5.71,86.900002
7/18/2017,4.696078,2.43,22.1,5.7,86.800003
7/19/2017,4.705882,2.5,22.049999,5.72,88.199997
7/20/2017,4.637255,2.51,22.299999,5.7,88.360001
7/21/2017,4.686275,2.5,22.25,5.77,89.099998
7/24/2017,4.54902,2.5,22.4,5.83,88.580002
7/25/2017,4.607843,2.56,22.700001,5.8,87.449997
7/26/2017,4.911765,2.43,22.549999,5.8,88.290001
7/27/2017,4.794118,2.29,22.6,5.8,87.449997
7/28/2017,4.980392,2.29,22.799999,5.81,89.389999
7/31/2017,5.058824,2.26,22.950001,5.68,89.699997
8/1/2017,5.205882,2.23,23.299999,5.7,89.169998
8/2/2017,5.176471,2.23,22.85,5.75,89.400002
8/3/2017,5.196078,2.21,27.6,5.79,89.449997
8/4/2017,5.421569,2.24,28.35,5.79,89.599998
8/7/2017,5.254902,2.31,28.35,5.75,89.730003
8/8/2017,5.421569,2.3,28.049999,5.7,90.059998
8/9/2017,5.558824,2.28,27.6,5.7,90.349998
8/10/2017,5.735294,2.25,26.950001,5.6,89.800003
8/11/2017,5.764706,2.31,27.15,5.79,89.029999
8/14/2017,5.696078,2.32,27.85,5.89,90.169998
8/15/2017,5.460784,2.32,27.85,5.99,89.480003
8/16/2017,5.647059,2.32,27.450001,6.02,89.239998
8/17/2017,5.598039,2.29,26.65,5.97,88.889999
8/18/2017,5.656863,2.29,26.700001,5.99,88.339996
8/21/2017,5.872549,2.34,26.049999,5.96,89.839996
8/22/2017,5.862745,2.4,26.299999,6.02,89.93
8/23/2017,5.921569,2.4,26.5,5.92,90.419998
8/24/2017,5.931373,2.44,26.75,5.92,90.300003
8/25/2017,6.04902,2.47,26.799999,5.79,90.220001
8/28/2017,6.323529,2.47,26.75,6.01,89.370003
8/29/2017,6.568627,2.47,26.75,6.03,89.029999
8/30/2017,6.22549,2.48,26.6,6.08,89.879997
8/31/2017,6.27451,2.5,26.75,5.93,89.480003
9/1/2017,6.333333,2.66,27,5.88,90.410004
9/5/2017,6.27451,2.7,26.450001,6.09,91.510002
9/6/2017,5.862745,2.68,26.15,6.07,91.980003
9/7/2017,5.843137,2.71,26.25,6.06,94.290001
9/8/2017,5.72549,2.65,25.700001,6.03,95.699997
9/11/2017,5.558824,2.67,24.85,6.08,94.919998
9/12/2017,5.705882,2.63,26.4,6.11,93.970001
9/13/2017,5.568627,2.61,26.85,6.16,93.099998
9/14/2017,5.5,2.63,26.950001,6.16,93.75
9/15/2017,5.411765,2.61,26.9,5.99,94.199997
9/18/2017,5.186275,2.66,26.799999,6.17,94.050003
9/19/2017,4.735294,2.66,26.950001,6.06,93.709999
9/20/2017,4.588235,2.61,26.700001,6.18,93.669998
9/21/2017,4.509804,2.6,26.200001,6.13,93.43
9/22/2017,4.598039,2.59,26.799999,6.13,93
9/25/2017,4.637255,2.49,26.799999,6.39,93.010002
9/26/2017,4.392157,2.5,27,6.37,92.730003
9/27/2017,4.303922,2.52,29.25,6.38,91.75
9/28/2017,4.431373,2.51,28.799999,6.38,91.529999
9/29/2017,4.372549,2.5,28.549999,6.48,91.449997
10/2/2017,4.352941,2.51,28.75,6.53,91.059998
10/3/2017,4.578431,2.58,29.299999,6.7,91.089996
10/4/2017,4.578431,2.58,29.25,6.81,92.25
10/5/2017,4.58,2.58,28.75,6.8,92.580002
10/6/2017,4.7,2.57,28.75,6.65,92.410004
10/9/2017,4.78,2.57,28.9,6.61,93.330002
10/10/2017,4.63,2.58,29.15,6,92.989998
10/11/2017,4.7,2.58,29,6,93.389999
10/12/2017,4.73,2.6,28.85,6.05,94.150002
10/13/2017,4.78,2.65,29.549999,6,94.110001
10/16/2017,4.76,2.65,30.450001,6.02,93.779999
10/17/2017,4.8,2.63,30.700001,6.06,93.019997
10/18/2017,4.75,2.64,30.85,6.05,92.5
10/19/2017,4.85,2.58,30.4,6.05,92.57
10/20/2017,4.85,2.58,30.4,6.11,92.260002
10/23/2017,4.86,2.57,30.9,6.05,92.230003
10/24/2017,4.84,2.59,31.25,6.08,91.309998
10/25/2017,4.87,2.54,30.6,6.11,91.230003
10/26/2017,4.92,2.55,30.9,6.06,90.540001
10/27/2017,5.04,2.54,32.150002,6.04,91.25
10/30/2017,5.07,2.59,32.549999,6.05,91.089996
10/31/2017,5.13,2.6,32.849998,6.13,91.239998
11/1/2017,5.26,2.58,32.849998,6.14,91.419998
11/2/2017,5.43,2.56,32.400002,6.07,90.800003
11/3/2017,5.51,2.54,33.799999,6.32,92.489998
11/6/2017,5.53,2.55,33.650002,5.97,93.68
11/7/2017,5.47,2.53,32.450001,6.01,94.089996
11/8/2017,5.59,2.55,32.5,5.95,94.220001
11/9/2017,5.55,2.58,38.799999,5.95,93.910004
11/10/2017,5.58,2.59,38.150002,6.05,94.190002
11/13/2017,5.58,2.57,37.5,5.71,94.730003
11/14/2017,5.43,2.56,38.174999,5.7,94.919998
11/15/2017,5.28,2.55,37.400002,5.72,93.400002
11/16/2017,5.24,2.61,37.75,5.77,94.32
11/17/2017,5.33,2.59,37.549999,5.9,93.080002
11/20/2017,5.1,2.61,38.900002,5.82,93
11/21/2017,5.16,2.69,38.450001,5.82,93.82
11/22/2017,5.41,2.67,38.599998,5.89,93.18
11/24/2017,5.51,2.65,39.700001,5.92,93.900002
11/27/2017,5.57,2.62,38.599998,6.06,93.010002
11/28/2017,5.58,2.65,39.099998,6.43,92.010002
11/29/2017,5.61,2.57,36.450001,6.46,91.589996
11/30/2017,5.57,2.55,36.400002,6.28,91.279999
12/1/2017,5.51,2.58,34.799999,6.28,91.769997
12/4/2017,5.2,2.62,33.549999,6.48,91.959999
12/5/2017,5.06,2.56,34.549999,6.15,91.089996
12/6/2017,4.89,2.49,34.549999,6.16,91.440002
12/7/2017,4.83,2.46,36.150002,6.23,91.940002
12/8/2017,5.03,2.47,36.049999,6.44,92.160004
12/11/2017,4.94,2.53,36.450001,6.18,92.360001
12/12/2017,4.83,2.49,36.099998,6.16,93.5
12/13/2017,5,2.5,36.549999,6.11,92.599998
12/14/2017,4.78,2.5,37.700001,6.14,91.910004
12/15/2017,4.85,2.47,38.150002,6.25,93.059998
12/18/2017,4.83,2.44,38.700001,6.42,94.07
12/19/2017,4.63,2.46,38.25,6.69,91.529999
12/20/2017,4.63,2.47,38.200001,6.56,90.32
12/21/2017,4.72,2.42,37.450001,6.6,89.809998
12/22/2017,4.87,2.45,37.549999,6.32,90.910004
12/26/2017,4.97,2.38,37.650002,6.34,91.150002
12/27/2017,5.1,2.36,37.950001,6.25,91.470001
12/28/2017,5.17,2.39,37.950001,6.31,91.739998
12/29/2017,5.05,2.39,37.549999,6.16,92.059998
1/2/2018,5.24,2.44,38.049999,6.16,91.5
1/3/2018,5.35,2.46,39.049999,6.16,91.68
1/4/2018,5.37,2.44,37.349998,6.18,88.690002
1/5/2018,5.32,2.47,37.900002,6.15,88.379997
1/8/2018,5.19,2.5,38.349998,6.15,89.410004
1/9/2018,5.14,2.49,37.200001,6.23,88.25
1/10/2018,5.3,2.4,36.599998,6.19,86.610001
1/11/2018,5.28,2.38,37.5,6.15,85.550003
1/12/2018,5.48,2.4,36.299999,6.19,84.769997
1/16/2018,5.39,2.41,35.650002,6.17,85.510002
1/17/2018,5.09,2.43,36.5,6.16,85.5
1/18/2018,5.06,2.42,35.700001,6.13,84.709999
1/19/2018,5.06,2.44,35.200001,6.17,84.809998
1/22/2018,5.02,2.41,34.75,6.23,85.68
1/23/2018,5.24,2.49,35.650002,5.92,87.07
1/24/2018,5.16,2.52,35.299999,6.05,86.449997
1/25/2018,5,2.48,36.400002,5.91,87.050003
1/26/2018,5.01,2.52,36.75,5.88,86.480003
1/29/2018,4.71,2.5,37.099998,6.11,85.620003
1/30/2018,4.62,2.47,35.650002,6.11,84.889999
1/31/2018,4.71,2.44,35.900002,6.11,86.559998
2/1/2018,4.64,2.45,35.400002,6.01,84.5
2/2/2018,4.46,2.44,34.575001,5.99,83.400002
2/5/2018,4.42,2.4,34.799999,6.18,81.050003
2/6/2018,4.26,2.41,34.5,6.15,81.730003
2/7/2018,4.25,2.4,33.674999,6.28,80.410004
2/8/2018,4.09,2.33,32.25,6.15,78.779999
2/9/2018,4.05,2.38,32.200001,6.14,80.75
2/12/2018,4.35,2.38,34.5,5.9,81.190002
2/13/2018,4.47,2.38,36,5.98,81.860001
2/14/2018,4.66,2.49,36.900002,5.87,80.889999
2/15/2018,4.77,2.47,45.849998,5.75,82.730003
2/16/2018,4.65,2.47,46,5.78,83.360001
2/20/2018,4.61,2.44,47.450001,5.89,81.699997
2/21/2018,4.43,2.4,47.799999,5.87,79.480003
2/22/2018,4.05,2.4,48.349998,5.76,80.370003
2/23/2018,4.12,2.42,50,5.78,81.760002
2/26/2018,4.1,2.44,50.900002,5.77,81.089996
2/27/2018,3.92,2.41,50.150002,5.75,79.650002
2/28/2018,3.89,2.41,50.049999,5.85,79.709999
3/1/2018,3.97,2.39,49.799999,5.79,79.470001
3/2/2018,3.92,2.42,50.900002,5.96,78.550003
3/5/2018,4.14,2.39,50.599998,5.84,79.599998
3/6/2018,4.32,2.41,52.5,5.71,79.110001
3/7/2018,4.2,2.42,51.650002,5.78,79.5
3/8/2018,4.21,2.73,52.075001,5.79,81.32
3/9/2018,4.2,2.6,52.450001,5.73,82.540001
3/12/2018,4.12,2.6,54,5.76,82.730003
3/13/2018,4.02,2.61,54.049999,5.71,83.120003
3/14/2018,3.98,2.6,54.700001,5.67,83.93
3/15/2018,3.95,2.61,54.75,5.69,84.07
3/16/2018,3.88,2.59,54.450001,5.75,84.760002
3/19/2018,3.94,2.59,55.099998,5.77,84.459999
3/20/2018,3.85,2.6,56.75,5.62,83.82
3/21/2018,3.94,2.6,56.200001,5.86,82.989998
3/22/2018,3.9,2.58,54.700001,5.87,82.029999
3/23/2018,3.91,2.58,54,5.65,81.089996
3/26/2018,4.14,2.6,56.450001,5.59,82
3/27/2018,4.14,2.57,55.200001,5.71,82.300003
3/28/2018,4.04,2.59,51,5.65,84.059998
3/29/2018,3.99,2.59,52.599998,5.84,84.18
4/2/2018,4.08,2.57,54.099998,5.69,83.059998
4/3/2018,3.93,2.57,55.799999,5.61,84.099998
4/4/2018,3.81,2.55,54.599998,5.8,84.879997
4/5/2018,3.86,2.58,57.200001,5.71,85.029999
4/6/2018,3.99,2.56,54.224998,6.21,84.889999
4/9/2018,3.79,2.53,56.549999,6.18,84.57
4/10/2018,3.73,2.6,54.799999,5.99,85.110001
4/11/2018,3.85,2.57,55,5.99,86.089996
4/12/2018,3.65,2.61,55.150002,5.95,84.830002
4/13/2018,3.68,2.59,54.150002,6,85.559998
4/16/2018,3.53,2.59,53.099998,6.21,85.75
4/17/2018,3.37,2.61,54.25,6,86.230003
4/18/2018,3.58,2.63,56,5.9,85.949997
4/19/2018,3.65,2.64,55.049999,5.91,84.93
4/20/2018,3.71,2.61,55.200001,5.83,84.769997
4/23/2018,3.51,2.59,53.150002,5.83,84.32
4/24/2018,3.52,2.56,52.700001,5.8,84.5
4/25/2018,3.52,2.61,52.349998,5.8,84.349998
4/26/2018,3.5,2.64,53,5.8,85.050003
4/27/2018,3.57,2.65,53.099998,5.84,86.110001
4/30/2018,3.53,2.67,52.650002,5.83,85.400002
5/1/2018,3.53,2.68,52.549999,5.96,86.239998
5/2/2018,3.65,2.7,53,6.09,85.919998
5/3/2018,3.53,2.68,52.849998,6.09,85.019997
5/4/2018,3.45,2.69,54.599998,6.08,86.440002
5/7/2018,3.12,2.64,56.950001,6.08,86.849998
5/8/2018,3.07,2.65,56.150002,5.84,86.769997
5/9/2018,2.97,2.7,55.650002,5.83,87.150002
5/10/2018,2.93,2.7,64.849998,5.89,88
5/11/2018,2.97,2.7,64.300003,5.93,87.400002
5/14/2018,3.16,2.75,68.550003,5.84,86.190002
5/15/2018,2.91,2.73,67.650002,6.03,84.139999
5/16/2018,2.86,2.73,67.550003,5.86,83.75
5/17/2018,2.87,2.67,66.599998,6.08,83.360001
5/18/2018,2.8,2.66,66.449997,6,82.959999
5/21/2018,2.76,2.67,67.25,5.76,83.790001
5/22/2018,2.85,2.73,66.349998,5.61,83.940002
5/23/2018,2.7,2.71,61.650002,5.45,85.879997
5/24/2018,2.62,2.7,56.450001,5.43,85.110001
5/25/2018,2.46,2.7,58.950001,5.58,85.599998
5/29/2018,2.5,2.7,60.200001,5.5,85.629997
5/30/2018,2.6,2.76,58.650002,5.5,87.550003
5/31/2018,2.58,2.78,55.849998,5.5,88
6/1/2018,2.62,2.77,54.700001,5.19,89.239998
6/4/2018,2.65,2.8,56,5.3,90.699997
6/5/2018,2.68,2.77,53.25,5.47,89.839996
6/6/2018,2.77,2.79,53.5,5.36,90.260002
6/7/2018,2.83,2.79,53.450001,5.43,89.910004
6/8/2018,2.91,2.78,53.900002,5.45,91.129997
6/11/2018,2.76,2.85,52.900002,5.42,90.620003
6/12/2018,2.63,2.9,51.650002,5.57,90.970001
6/13/2018,2.56,3.06,51.549999,5.43,89.099998
6/14/2018,2.63,3.06,51.200001,5.4,90.160004
6/15/2018,2.67,3.08,47.450001,5.54,90.309998
6/18/2018,2.71,3.03,47.700001,5.47,89.830002
6/19/2018,2.8,3.02,49.25,5.36,89.589996
6/20/2018,2.77,2.99,50.950001,5.4,90.589996
6/21/2018,2.79,2.9,50.25,5.46,91.669998
6/22/2018,2.89,2.95,50.049999,5.55,92.190002
6/25/2018,2.82,2.88,49.200001,5.55,92.419998
6/26/2018,2.51,2.86,48.099998,5.55,91.75
6/27/2018,2.25,2.81,46.450001,5.55,90.809998
6/28/2018,2.41,2.75,49.5,5.43,91.059998
6/29/2018,2.42,2.82,47.849998,5.48,91.129997
7/2/2018,2.38,2.89,50.799999,5.51,90.800003
7/3/2018,2.38,2.9,49.950001,5.52,90.949997
7/5/2018,2.38,2.85,51.200001,5.42,91.440002
7/6/2018,2.35,2.83,53.650002,5.5,91.650002
7/9/2018,2.36,2.79,54.299999,5.59,90.980003
7/10/2018,2.42,2.78,53,5.52,91.209999
7/11/2018,2.42,2.75,51.900002,5.5,91.919998
7/12/2018,2.34,2.84,52.900002,5.5,92.279999
7/13/2018,2.27,2.79,54.400002,5.51,91.510002
7/16/2018,2.33,2.75,54.400002,5.51,91.150002
7/17/2018,2.38,2.75,54.900002,5.51,89.919998
7/18/2018,2.24,2.84,54.299999,5.5,89.480003
7/19/2018,2.17,2.83,54.299999,5.5,90.660004
7/20/2018,2.18,2.83,53.650002,5.72,89.940002
7/23/2018,2.24,2.91,54,5.5,89.970001
7/24/2018,2.3,2.88,53.549999,5.5,89.57
7/25/2018,2.28,2.96,57.849998,5.5,90.580002
7/26/2018,2.29,2.83,54.950001,5.5,91.07
7/27/2018,2.33,2.76,53.950001,5.5,90.32
7/30/2018,2.47,2.75,53,5.5,90.269997
7/31/2018,2.52,2.8,53.25,5.45,92.589996
8/1/2018,2.58,2.77,56.25,5.48,93.290001
8/2/2018,2.58,2.76,56.299999,5.53,92.480003
8/3/2018,2.65,2.83,48.450001,5.73,93.849998
8/6/2018,2.62,2.83,49.650002,5.75,93.339996
8/7/2018,2.6,2.85,46.950001,5.52,93.449997
8/8/2018,2.56,2.88,48.150002,5.4,92.900002
8/9/2018,2.57,2.86,46.849998,5.35,92.830002
8/10/2018,2.55,2.82,46.25,5.35,92.379997
8/13/2018,2.45,2.74,45.849998,5.4,92.43
8/14/2018,2.38,2.77,45.75,5.21,93.389999
8/15/2018,2.12,2.69,44.900002,5.43,93.690002
8/16/2018,2.05,2.71,45.900002,5.46,93.989998
8/17/2018,2.1,2.73,45.650002,5.36,94.900002
8/20/2018,2.24,2.79,47,5.55,94.559998
8/21/2018,2.29,2.87,47.349998,5.27,93.660004
8/22/2018,2.3,2.81,47.150002,5.45,93.599998
8/23/2018,2.32,2.79,47.099998,5.43,93.860001
8/24/2018,2.31,2.79,47.775002,5.45,94.489998
8/27/2018,2.48,2.79,47.200001,5.46,94.440002
8/28/2018,2.29,2.77,47.849998,5.49,95.519997
8/29/2018,2.3,2.81,48.099998,5.35,95.279999
8/30/2018,2.31,2.78,47.900002,5.45,94.919998
8/31/2018,2.36,2.79,47.950001,5.44,95.059998
9/4/2018,2.47,2.73,47.900002,5.5,94.300003
9/5/2018,2.58,2.72,47.299999,5.4,94.330002
9/6/2018,2.52,2.71,45.549999,5.46,94.32
9/7/2018,2.52,2.66,42.700001,5.3,93.989998
9/10/2018,2.48,2.47,42.25,5.87,94.43
9/11/2018,2.46,2.53,43.049999,5.85,94.760002
9/12/2018,2.55,2.45,43.299999,5.8,94.620003
9/13/2018,2.52,2.51,43.75,5.83,94.889999
9/14/2018,2.44,2.52,42.150002,5.52,94.540001
9/17/2018,2.39,2.5,42.099998,5.69,95.040001
9/18/2018,2.42,2.47,42.049999,5.75,95.050003
9/19/2018,2.56,2.5,40.75,5.84,93.059998
9/20/2018,2.51,2.48,42.75,6,93.690002
9/21/2018,2.52,2.5,42.599998,5.62,94.910004
9/24/2018,2.51,2.52,42.400002,6.06,93.339996
9/25/2018,2.5,2.51,40.799999,5.85,94.040001
9/26/2018,2.47,2.54,39.950001,5.9,92.510002
9/27/2018,2.44,2.57,38,5.85,91.480003
9/28/2018,2.49,2.58,37.650002,5.76,93.57
10/1/2018,2.54,2.58,37.900002,5.85,92.440002
10/2/2018,2.72,2.51,40.299999,5.83,93.080002
10/3/2018,2.72,2.49,39.68,5.84,92.230003
10/4/2018,2.71,2.37,39.049999,5.72,91.779999
10/5/2018,2.7,2.34,37.98,5.68,92.07
10/8/2018,2.68,2.34,39.529999,5.7,94
10/9/2018,2.68,2.33,38.799999,5.66,94.379997
10/10/2018,2.78,2.26,37.77,5.45,92.760002
10/11/2018,3.16,2.22,37.029999,5.63,89.269997
10/12/2018,3.22,2.19,39.389999,5.47,89.230003
10/15/2018,3.4,2.15,40.52,5.31,90.360001
10/16/2018,3.28,2.15,42.259998,5.74,91.980003
10/17/2018,3.19,2.16,41.790001,5.87,92.080002
10/18/2018,3.17,2.1,40.139999,5.31,91.809998
10/19/2018,3.17,2.13,40.27,5.24,93.019997
10/22/2018,3.07,2.07,40.509998,5,91.43
10/23/2018,3.11,2.01,39.84,5.09,91.370003
10/24/2018,3.01,1.93,36.709999,5.18,93.239998
10/25/2018,2.86,1.95,36.630001,5.1,93.970001
10/26/2018,2.86,1.85,36.669998,5.26,90.360001
10/29/2018,2.88,1.84,37.240002,5.31,91.239998
10/30/2018,2.93,1.88,38.009998,5.27,92.779999
10/31/2018,2.82,1.88,38.73,5.42,90.269997
11/1/2018,2.56,1.9,41.029999,5.2,90.260002
11/2/2018,2.55,1.87,37.75,5.1,89.529999
11/5/2018,2.7,1.71,39.095001,5.25,90.970001
11/6/2018,2.53,1.78,37.619999,5.26,91.449997
11/7/2018,2.48,1.78,38.75,5.33,92.290001
11/8/2018,2.53,1.72,37.759998,5.26,92.639999
11/9/2018,2.38,1.68,37.43,5.13,92.540001
11/12/2018,2.31,1.68,35.189999,5.01,92.919998
11/13/2018,2.26,1.64,36.279999,5.21,92.720001
11/14/2018,2.34,1.7,37.43,5.17,91.43
11/15/2018,2.6,1.81,38.240002,5.22,90.470001
11/16/2018,2.67,1.76,38.599998,4.99,92.279999
11/19/2018,2.66,1.74,38.509998,5.18,92.550003
11/20/2018,2.68,1.74,37.290001,5.33,93.099998
11/21/2018,2.7,1.76,38.080002,5.1,93.900002
11/23/2018,2.6,1.77,39.98,5.16,93.410004
11/26/2018,2.54,1.83,40.02,5.16,93.510002
11/27/2018,2.47,1.86,39.59,5.32,93.690002
11/28/2018,2.62,1.89,42.610001,5.5,93.949997
11/29/2018,2.55,1.83,41.880001,5.76,93.720001
11/30/2018,2.44,1.82,38.93,5.22,95.160004
12/3/2018,2.52,1.87,39.900002,5.27,94.730003
12/4/2018,2.59,1.83,38.540001,5.26,92.769997
12/6/2018,2.63,1.79,40.380001,5.51,94.360001
12/7/2018,2.79,1.76,38.029999,5.34,92.93
12/10/2018,2.73,1.78,38.73,5.05,93.059998
12/11/2018,2.62,1.75,38.950001,4.81,93.120003
12/12/2018,2.69,1.79,38.759998,4.74,91.089996
12/13/2018,2.84,1.8,38.529999,4.8,91.760002
12/14/2018,2.8,1.8,38.330002,4.72,91.5
12/17/2018,2.61,1.81,37.41,4.5,88.669998
12/18/2018,2.69,1.79,36.740002,4.71,89.919998
12/19/2018,2.45,1.77,36.130001,4.55,89.760002
12/20/2018,2.57,1.81,35.16,4.45,89.989998
12/21/2018,2.35,1.78,34.459999,4.45,89.400002
12/24/2018,2.46,1.77,33.41,4.45,84.900002
12/26/2018,2.44,1.8,35.290001,4.41,87.279999
12/27/2018,2.53,1.81,34.98,4.25,87.360001
12/28/2018,2.64,1.78,34.869999,4.37,87.309998
12/31/2018,2.83,1.79,35.099998,4.65,88.050003
1/2/2019,2.85,1.77,36.150002,5.55,84.279999
1/3/2019,3,1.73,35.5,5.28,84.900002
1/4/2019,3.04,1.72,37.25,5.34,84.940002
1/7/2019,2.89,1.77,35.009998,5.45,85.160004
1/8/2019,2.94,1.77,35,5.33,87.239998
1/9/2019,3.04,1.77,35.459999,5.37,87.419998
1/10/2019,3.01,1.81,35.990002,5.33,88.489998
1/11/2019,3.04,1.8,36.400002,5.25,88.790001
1/14/2019,2.86,1.78,36.5,5.19,88.559998
1/15/2019,2.73,1.8,36.689999,5.33,89.970001
1/16/2019,2.73,1.81,37.349998,5.15,91.370003
1/17/2019,2.95,1.82,37.57,5,91.769997
1/18/2019,2.88,1.85,37.18,5.07,91.93
1/22/2019,2.79,1.85,36.959999,5.25,91.760002
1/23/2019,2.84,1.84,38.029999,5.32,92.559998
1/24/2019,2.88,1.89,40.240002,5.11,92.32
1/25/2019,3.03,1.93,40.849998,4.95,93.519997
1/28/2019,3.1,1.9,42.150002,5.23,94.75
1/29/2019,3.29,1.87,42,4.88,96.010002
1/30/2019,3.25,1.87,42.25,4.99,96.57
1/31/2019,3.43,1.89,43.790001,4.95,96.949997
2/1/2019,3.68,1.87,43.07,5.15,96.690002
2/4/2019,3.64,1.85,44.110001,5.37,97.150002
2/5/2019,3.78,1.84,44.470001,5.26,97.989998
2/6/2019,3.66,1.86,43.959999,5.55,98.160004
2/7/2019,3.95,1.83,42.93,5.31,99.150002
2/8/2019,4.3,1.83,43.48,5.52,98.919998
2/11/2019,4.17,1.69,44.040001,5.48,99.25
2/12/2019,4.19,1.78,42.84,5.47,97.940002
2/13/2019,4.06,1.78,44.23,5.63,98.769997
2/14/2019,4.13,1.81,44.560001,5.9,98.610001
2/15/2019,4.07,1.86,43.299999,5.95,98.699997
2/19/2019,4.49,1.84,43.32,6.23,98.800003
2/20/2019,4.33,1.84,41.5,6.1,96.5
2/21/2019,4.25,1.84,42.110001,6.45,97.309998
2/22/2019,4.28,1.87,41.700001,6.36,97.620003
2/25/2019,4.33,1.89,40.360001,6.19,97.400002
2/26/2019,4.39,1.89,40.880001,6.39,97.459999
2/27/2019,4.26,1.86,42.34,6.5,97.620003
2/28/2019,4.37,1.85,42.259998,6.5,98.089996
3/1/2019,4.24,1.86,41.34,6.3,97.660004
3/4/2019,4.26,1.86,41.549999,6.44,98.769997
3/5/2019,4.15,1.9,41.299999,6.3,99.110001
3/6/2019,4.04,1.89,40.380001,6.25,98.57
3/7/2019,3.93,1.92,39.360001,6.2,98.529999
3/8/2019,4.04,1.88,39.279999,5.98,99.120003
3/11/2019,3.85,1.87,39.889999,6.05,100.230003
3/12/2019,3.88,1.89,39.310001,5.98,100.790001
3/13/2019,4.01,1.86,39.900002,5.98,101.110001
3/14/2019,3.95,1.84,39.73,6.02,101.379997
3/15/2019,4.12,1.83,39.93,6.03,100.769997
3/18/2019,4.1,1.85,39.689999,6.55,99.919998
3/19/2019,4.49,1.86,39.48,6.72,99.739998
3/20/2019,4.78,1.86,39.240002,6.69,99.080002
3/21/2019,4.83,1.89,38.84,6.45,99.870003
3/22/2019,4.57,1.88,37.119999,6.59,99.809998
3/25/2019,4.8,1.88,37.330002,6.5,100.07
3/26/2019,4.83,1.87,36.68,6.45,101.480003
3/27/2019,4.55,1.86,36.790001,6.5,101.480003
3/28/2019,4.1,1.88,37.759998,6.47,101.68
3/29/2019,4.13,1.88,37.68,6.4,101.5
4/1/2019,4.21,1.88,37.849998,6.5,101.150002
4/2/2019,4.27,1.87,38.200001,6.4,102.139999
4/3/2019,4.42,1.87,38.66,6.25,101.949997
4/4/2019,4.56,1.87,40.110001,6.3,101.779999
4/5/2019,4.6,1.87,40.720001,6.2,101.709999
4/8/2019,4.94,1.91,41.439999,6.15,101.709999
4/9/2019,4.56,1.99,40.650002,6.05,101.489998
4/10/2019,3.94,1.98,41.27,6.14,102.5
4/11/2019,4.05,1.94,40.619999,6.07,102.389999
4/12/2019,3.86,1.97,40.990002,5.97,102.620003
4/15/2019,3.9,1.93,41.43,5.85,102.550003
4/16/2019,3.84,1.94,42.540001,5.87,99.919998
4/17/2019,4.13,1.96,43.080002,5.8,97.919998
4/18/2019,4.01,1.93,43.040001,6.19,98.629997
4/22/2019,4.06,1.9,43.200001,5.85,97.790001
4/23/2019,3.96,1.93,44.310001,6.12,99.07
4/24/2019,4,2,44.790001,6.22,100
4/25/2019,3.95,2.13,45.919998,6.29,99.690002
4/26/2019,4.05,2.18,45.970001,6.35,100.669998
4/29/2019,3.81,2.17,45.189999,6.29,99.220001
4/30/2019,3.77,2.17,44.299999,6.25,100.650002
5/1/2019,3.63,2.17,44.139999,6.3,100.389999
5/2/2019,3.51,2.17,43.759998,6.2,99.980003
5/3/2019,3.62,2.22,44.560001,6.3,100.830002
5/6/2019,3.62,2.17,43.880001,6.4,100.889999
5/7/2019,3.74,2.15,53.84,6.4,99.07
5/8/2019,3.68,2.18,51.849998,6.2,98.75
5/9/2019,3.47,2.1,51.490002,6.06,99.849998
5/10/2019,3.6,2.12,53.009998,6,100.980003
5/13/2019,3.4,2.06,50,5.87,100.809998
5/14/2019,3.5,2.07,50.939999,5.75,101.199997
5/15/2019,3.39,2.05,52.380001,5.67,101.559998
5/16/2019,3.29,2.04,55.299999,5.64,102.010002
5/17/2019,3.23,2.03,55.59,5.76,102.940002
5/20/2019,3.27,1.97,54.700001,5.53,101.690002
5/21/2019,3.32,2.01,54.799999,5.46,102.699997
5/22/2019,3.32,1.99,54.959999,5.31,103.209999
5/23/2019,3.33,2,53.470001,5.4,103.879997
5/24/2019,3.25,2.02,53.610001,5.26,104.300003
5/28/2019,3.45,1.88,55.380001,5.24,103.959999
5/29/2019,3.52,1.95,53.790001,5.11,102.419998
5/30/2019,3.57,1.98,54.630001,4.9,102.199997
5/31/2019,3.87,1.97,53.580002,4.75,103.360001
6/3/2019,4.06,2.04,53.259998,5,103.540001
6/4/2019,4.06,2.02,54.650002,4.65,102.550003
6/5/2019,4,1.98,55.16,4.9,105.309998
6/6/2019,4.02,2.04,56.009998,4.8,106
6/7/2019,4.05,2.05,56.32,4.64,106.209999
6/10/2019,3.92,2.06,56.830002,4.85,105.480003
6/11/2019,4.07,2.09,57,5.1,105.290001
6/12/2019,4.22,2.08,54.82,5.11,106.32
6/13/2019,4.24,2.13,57.880001,4.9,106.279999
6/14/2019,4.18,2.12,56.490002,4.71,106.160004
6/17/2019,4.17,2.1,56.59,4.8,107.440002
6/18/2019,4.2,2.09,58.560001,4.76,106.68
6/19/2019,4.14,2.13,59.200001,5.03,107.040001
6/20/2019,4.44,2.13,59.68,5.06,107.669998
6/21/2019,4.55,2.08,59.400002,4.92,106.169998
6/24/2019,4.66,2.15,60.540001,5.23,105.93
6/25/2019,4.69,2.15,59.220001,5.06,105.809998
6/26/2019,4.85,2.19,59.619999,4.85,104.269997
6/27/2019,4.8,2.22,61.060001,4.89,103.650002
6/28/2019,4.75,2.21,62.459999,5.08,104.389999
7/1/2019,4.53,2.27,62.299999,5.05,104.779999
7/2/2019,4.55,2.23,62.84,5.23,106.480003
7/3/2019,4.63,2.22,62.299999,5.43,107.720001
7/5/2019,4.45,2.21,63.150002,5.23,107.43
7/8/2019,4.6,2.17,62.529999,5.38,108.300003
7/9/2019,4.65,2.19,62.27,5.5,108.970001
7/10/2019,4.88,2.32,62.290001,5.33,110.129997
7/11/2019,4.74,2.33,60.759998,5.43,109.040001
7/12/2019,4.76,2.3,62.119999,5.45,108.709999
7/15/2019,4.88,2.25,61.830002,5.53,108.940002
7/16/2019,4.82,2.19,61.400002,5.44,108.510002
7/17/2019,4.97,2.16,62.360001,5.41,108.129997
7/18/2019,5.3,2.18,62.639999,5.53,108.279999
7/19/2019,5.18,2.15,63.369999,5.37,106.099998
7/22/2019,5.09,2.14,63.060001,5.34,105.589996
7/23/2019,5.09,2.13,62.450001,5.33,107.110001
7/24/2019,5.29,2.2,62.5,5.33,107.040001
7/25/2019,5.21,2.13,63.080002,5.08,107.610001
7/26/2019,5.09,2.07,63.259998,5.14,105.910004
7/29/2019,5.38,2.13,64.330002,4.99,106.220001
7/30/2019,5.34,2.15,63.400002,5.02,106.089996
7/31/2019,4.88,2.18,65.230003,4.8,103.709999
8/1/2019,5.06,2.09,66.489998,4.85,103.589996
8/2/2019,5.01,2.07,64.980003,4.98,103.940002
8/5/2019,5.33,2.01,62.91,4.65,101.739998
8/6/2019,5.39,2.02,64.18,4.41,103.730003
8/7/2019,5.45,2.03,80.300003,4.06,103.919998
8/8/2019,5.35,2.08,80.82,4.25,105.25
8/9/2019,5.34,2.05,82.330002,4.27,105.779999
8/12/2019,5.4,2.03,86.629997,4.4,105.589996
8/13/2019,5.01,2.04,87.779999,4.28,105.489998
8/14/2019,4.98,2.03,84.690002,4.31,103.019997
8/15/2019,5.08,2,82.080002,4.11,105.07
8/16/2019,5.15,2.07,83.800003,4.12,106.18
8/19/2019,5.11,2.09,84.120003,4.13,107.110001
8/20/2019,5.38,2.11,84.709999,4.23,106.93
8/21/2019,5.33,2.11,87.849998,4.38,107.589996
8/22/2019,5.26,2.06,82.040001,4.32,107.730003
8/23/2019,5.38,2.03,80.900002,4.45,106.370003
8/26/2019,5.3,2.04,82.379997,4.29,107.300003
8/27/2019,5.48,2.04,81.839996,4.1,107.309998
8/28/2019,5.65,2.04,82.639999,4.15,107.970001
8/29/2019,5.54,2.09,83.360001,4.15,108.300003
8/30/2019,5.64,2.11,81.919998,4.13,108.25
9/3/2019,5.35,2.06,77.540001,3.98,108.860001
9/4/2019,5.29,2.15,82.889999,3.98,109.959999
9/5/2019,5.16,2.15,78.599998,3.92,109.5
9/6/2019,4.99,2.14,77.260002,4.12,110.949997
9/9/2019,4.82,2.15,74.160004,4.15,110.339996
9/10/2019,4.66,2.16,75.120003,4.3,109.879997
9/11/2019,4.65,2.18,79.43,4.37,109.239998
9/12/2019,4.72,2.18,71.639999,4.14,108.970001
9/13/2019,4.54,2.22,76.120003,4.36,107.779999
9/16/2019,4.56,2.18,79.309998,4.3,109.480003
9/17/2019,4.85,2.17,83.059998,4.17,110.720001
9/18/2019,4.7,2.17,83.040001,4.23,110.75
9/19/2019,4.88,2.19,89.419998,4.26,110.370003
9/20/2019,5.19,2.1,89.410004,4.5,110
9/23/2019,5.39,2.15,89.870003,4.74,110.769997
9/24/2019,5.46,2.1,86.760002,4.74,110.400002
9/25/2019,5.51,2.17,88.300003,4.78,110.790001
9/26/2019,5.62,2.14,85.349998,4.57,111.779999
9/27/2019,5.56,2.09,82.080002,4.35,110.839996
9/30/2019,5.4,2.09,83.720001,4.46,111.010002
10/1/2019,5.7,2.13,83.150002,4.47,110.57
10/2/2019,6.11,2.09,81.120003,4.26,110.879997
10/3/2019,6.03,2.1,81,4.22,111.910004
10/4/2019,6.36,2.13,85.5,4.29,112.779999
10/7/2019,6.3,2.12,85.510002,4.15,112.540001
10/8/2019,6.44,2.09,87.220001,4.25,112.760002
10/9/2019,6.48,2.12,85.550003,4.29,113.139999
10/10/2019,6.49,2.16,88.389999,4.26,113.639999
10/11/2019,6.27,2.19,88.949997,4.26,112.82
10/14/2019,6.35,2.16,89.105003,4.26,112.709999
10/15/2019,6.21,2.2,84.800003,4.4,111.940002
10/16/2019,6.61,2.2,83.879997,4.37,113.449997
10/17/2019,6.83,2.19,83.620003,4.34,114.089996
10/18/2019,6.91,2.26,85.169998,4.17,114.730003
10/21/2019,6.72,2.27,87.269997,4.24,114.959999
10/22/2019,6.66,2.23,86.809998,4.39,114.300003
10/23/2019,6.96,2.25,91.5,4.25,114.449997
10/24/2019,7.19,2.33,93.5,4.37,114.169998
10/25/2019,7.12,2.33,93.199997,4.21,113.830002
10/28/2019,7.09,2.31,93.32,4.16,113.269997
10/29/2019,7.02,2.34,92.080002,4.15,113.449997
10/30/2019,7.53,2.31,84.82,4.15,114.599998
10/31/2019,7.65,2.26,84.959999,4.19,114.370003
11/1/2019,7.58,2.34,83.190002,4.07,114.349998
11/4/2019,7.27,2.39,79.599998,4.18,113.5
11/5/2019,7.21,2.36,83.269997,4.24,112.089996
11/6/2019,7.5,2.36,79.910004,4.1,112.260002
11/7/2019,7.18,2.34,79.900002,4.17,110.269997
11/8/2019,7.04,2.33,77.949997,4.2,110.120003
11/11/2019,6.95,2.33,81.07,4.08,110.400002
11/12/2019,7.21,2.35,80.75,4.24,109.349998
11/13/2019,7.5,2.32,77.279999,4.19,110.730003
11/14/2019,7.56,2.37,78.239998,4.21,111.459999
11/15/2019,7.56,2.33,78.959999,4.13,112.290001
11/18/2019,7.61,2.35,76.790001,4.2,112.589996
11/19/2019,7.83,2.37,79.019997,4.32,112.790001
11/20/2019,7.79,2.41,78.309998,4.16,112.669998
11/21/2019,7.58,2.39,76.980003,4.23,110.279999
11/22/2019,7.45,2.36,76.370003,4.22,109.449997
11/25/2019,7.45,2.45,80.160004,4.29,109.589996
11/26/2019,7.81,2.48,78.910004,4.24,112.089996
11/27/2019,7.43,2.48,82.389999,4.26,112.220001
11/29/2019,7.96,2.44,81.610001,4.3,111.550003
12/2/2019,8.08,2.45,81.720001,4.35,109.349998
12/3/2019,8.83,2.5,88.040001,4.08,110.260002
12/4/2019,8.64,2.58,86.540001,4.02,110.599998
12/5/2019,8.52,2.71,82.889999,4,110.690002
12/6/2019,8.24,2.64,83.93,4.03,110.480003
12/9/2019,8.24,2.65,82.839996,4.04,110.489998
12/10/2019,8.5,2.67,81.480003,4.05,110.010002
12/11/2019,9.33,2.65,83.510002,4.36,108.199997
12/12/2019,9.29,2.71,87.300003,4.15,107.160004
12/13/2019,9.2,2.67,90.169998,4.04,105.25
12/16/2019,9.22,2.74,92.790001,4.02,105.629997
12/17/2019,9.5,2.8,91.440002,4.06,104.529999
12/18/2019,9.48,2.76,91.860001,4.02,104.959999
12/19/2019,9.61,2.72,93.779999,4.02,105.419998
12/20/2019,9.14,2.72,95,4.03,105.769997
12/23/2019,9.49,2.73,94.18,4,104.910004
12/24/2019,9.87,2.72,95.199997,4.07,105.18
12/26/2019,9.79,2.71,95.559998,4.1,105.059998
12/27/2019,9.73,2.72,94.260002,4.12,105.18
12/30/2019,9.87,2.69,94,4.14,105.309998
12/31/2019,9.93,2.68,95.089996,4.19,106.099998
1/2/2020,10.1,2.71,101.809998,4.5,105.059998
1/3/2020,10.06,2.66,102.379997,4.25,105.900002
1/6/2020,10.08,2.63,99.629997,4.21,106.400002
1/7/2020,10.22,2.64,101.790001,4.37,105.089996
1/8/2020,9.99,2.61,104.160004,4.41,105.309998
1/9/2020,9.86,2.62,102.739998,4.37,105.470001
1/10/2020,9.89,2.64,104.519997,4.35,106.220001
1/13/2020,9.59,2.65,103.080002,4.4,107
1/14/2020,9.85,2.68,104.019997,4.41,107.139999
1/15/2020,10.2,2.65,103.610001,4.65,107.949997
1/16/2020,10.2,2.64,102.699997,4.89,109.07
1/17/2020,11.15,2.63,104.75,4.73,109.970001
1/21/2020,10.77,2.65,107.529999,5.09,111.419998
1/22/2020,11.11,2.66,108.459999,5,110.230003
1/23/2020,10.28,2.63,108.730003,4.91,111.18
1/24/2020,10.63,2.59,110.129997,5,111.040001
1/27/2020,9.78,2.51,96.25,4.85,110.57
1/28/2020,10.07,2.54,103.360001,4.82,110.959999
1/29/2020,10.2,2.58,102.709999,4.58,110.440002
1/30/2020,10.57,2.46,103.220001,4.55,110.849998
1/31/2020,10.2,2.42,97.860001,4.33,112.43
2/3/2020,10.11,2.45,100.980003,4.42,111.599998
2/4/2020,10.65,2.5,107.809998,4.68,112.260002
2/5/2020,10.28,2.59,104.470001,4.55,112.089996
2/6/2020,9.76,2.72,103.940002,4.57,113
2/7/2020,9.7,2.69,100.620003,4.48,112.860001
2/10/2020,10.14,2.72,102.599998,4.18,114.010002
2/11/2020,10.08,2.77,106.029999,4.26,114.690002
2/12/2020,10.17,2.81,111.860001,4.24,115.989998
2/13/2020,10.84,2.81,111.160004,4.6,117.57
2/14/2020,11.32,2.75,111.209999,4.67,118.889999
2/18/2020,12.02,2.68,108.379997,4.5,118.709999
2/19/2020,13.25,2.66,127.82,4.6,117.809998
2/20/2020,12.63,2.66,142.199997,4.6,119.699997
2/21/2020,12.26,2.62,142.070007,4.69,120.419998
2/24/2020,11.3,2.56,135.630005,4.56,119.230003
2/25/2020,9.9,2.55,133,4.68,116.550003
2/26/2020,9.75,2.56,132.410004,4.92,116.419998
2/27/2020,8.88,2.49,125.949997,5.05,110.760002
2/28/2020,8.46,2.48,124.720001,5.07,105.980003
3/2/2020,8.87,2.53,128.699997,5.06,110.290001
3/3/2020,8.93,2.55,128.660004,5.5,109.510002
3/4/2020,9.03,2.63,135.710007,5.53,115.019997
3/5/2020,9.38,2.56,137.539993,5.48,114.800003
3/6/2020,9.39,2.5,133.339996,5.16,113.949997
3/9/2020,8.11,2.42,111.660004,4.95,102.370003
3/10/2020,7.89,2.48,116.919998,5.22,102.419998
3/11/2020,6.63,2.35,106.110001,5.15,95.360001
3/12/2020,4.91,2.28,90.720001,4.35,87.5
3/13/2020,5.12,2.35,91.110001,4.36,95.970001
3/16/2020,5.12,2.24,81.190002,3.95,78.800003
3/17/2020,6.04,2.3,84.709999,3.81,86.199997
3/18/2020,3.96,2.21,76.730003,3.29,77.139999
3/19/2020,4.05,2.23,76.809998,3.11,77.650002
3/20/2020,3.68,2.23,69.610001,3.46,71.040001
3/23/2020,4.26,2.23,69.480003,3.47,67.300003
3/24/2020,5.37,2.3,85.309998,3.56,70.230003
3/25/2020,6.3,2.29,89.900002,3.88,74.25
3/26/2020,5.6,2.28,90.449997,4.3,81.660004
3/27/2020,4.91,2.16,82.370003,4.32,85.690002
3/30/2020,4.97,2.22,81.639999,4.26,83.339996
3/31/2020,4.72,2.17,81.879997,4.21,79.239998
4/1/2020,4.6,2.16,78.82,4.37,74.970001
4/2/2020,4.8,2.2,76.970001,4.11,72.309998
4/3/2020,4.61,2.13,74.480003,4.2,71.949997
4/6/2020,5.65,2.29,85.150002,4.23,79.940002
4/7/2020,5.99,2.3,88.800003,4.32,80.489998
4/8/2020,6.27,2.29,93.07,4.45,85.699997
4/9/2020,6.48,2.3,96.639999,4.61,89.089996
4/13/2020,7.25,2.38,92.209999,4.72,85.18
4/14/2020,7.61,2.45,98.68,4.75,87.010002
4/15/2020,7.4,2.42,92.010002,4.7,85.300003
4/16/2020,6.9,2.42,94.989998,4.79,83.82
4/17/2020,6.89,2.44,97.099998,5,87.82
4/20/2020,7.28,2.4,93.660004,4.86,83.339996
4/21/2020,6.2,2.41,86.690002,4.75,81.849998
4/22/2020,7,2.46,95.510002,4.86,84.260002
4/23/2020,7.59,2.58,100.699997,5,83.040001
4/24/2020,7.96,2.57,100.730003,5.09,83.690002
4/27/2020,7.81,2.61,104.690002,5.07,86.339996
4/28/2020,7.86,2.48,109.790001,5.12,86.419998
4/29/2020,8.49,2.54,122.419998,5.65,88.879997
4/30/2020,7.97,2.5,111.589996,5.6,88.07
5/1/2020,8.09,2.43,104.959999,5.18,85.129997
5/4/2020,8.08,2.51,107.139999,5.09,85.860001
5/5/2020,7.92,2.5,107.860001,5.3,86.010002
5/6/2020,7.43,2.48,125.75,5.33,84.089996
5/7/2020,7.75,2.55,109.739998,5.87,87.260002
5/8/2020,7.78,2.57,118.32,5.74,88.459999
5/11/2020,7.31,2.55,122.940002,5.53,87.269997
5/12/2020,7.54,2.51,121,5.83,84.18
5/13/2020,7.38,2.51,117.730003,5.71,83.889999
5/14/2020,7.12,2.54,119.480003,5.9,83.220001
5/15/2020,7.87,2.52,120.440002,5.78,83.800003
5/18/2020,8.3,2.53,128,5.96,90.919998
5/19/2020,8.6,2.43,134.860001,6.18,88.889999
5/20/2020,8.78,2.45,137.25,6.48,89.43
5/21/2020,8.39,2.47,136.509995,6.3,88.779999
5/22/2020,7.88,2.46,130.389999,6.75,88.580002
5/26/2020,7.48,2.47,136.539993,7.4,92.150002
5/27/2020,7.73,2.46,137.240005,8.14,91.440002
5/28/2020,7.34,2.51,135.289993,7.9,92.550003
5/29/2020,7.34,2.53,141.899994,7.4,91.57
6/1/2020,7.85,2.58,150.699997,8,93.309998
6/2/2020,8.01,2.63,148.970001,7.88,92.709999
6/3/2020,7.86,2.8,150.589996,7.62,96.839996
6/4/2020,8.2,2.69,142.399994,7.87,95.620003
6/5/2020,8.47,2.81,148.279999,8.12,97.629997
6/8/2020,8.75,2.87,150.889999,8.87,101.559998
6/9/2020,8.76,2.77,148.839996,8.55,99.800003
6/10/2020,8.86,2.76,147.369995,8.77,96.809998
6/11/2020,7.92,2.6,138.690002,8.17,92.980003
6/12/2020,7.98,2.62,142.050003,7.54,95.309998
6/15/2020,7.99,2.62,148.199997,7.35,93.790001
6/16/2020,7.78,2.61,153.100006,7.64,96.860001
6/17/2020,7.68,2.58,145.270004,7.71,94.68
6/18/2020,7.68,2.58,151,7.87,94.32
6/19/2020,7.87,2.54,153.600006,7.7,93.510002
6/22/2020,8.41,2.57,152.979996,7.6,92.629997
6/23/2020,8.96,2.58,151.339996,7.25,90.669998
6/24/2020,8.17,2.57,148.479996,6.85,89.019997
6/25/2020,8.41,2.57,137.175003,7.03,89.709999
6/26/2020,8.24,2.55,129.529999,7.11,88.690002
6/29/2020,8.66,2.58,137.059998,7.02,89.889999
6/30/2020,8.65,2.64,138.779999,7.34,91.220001
7/1/2020,8.64,2.68,141.389999,7.49,93.809998
7/2/2020,8.76,2.74,143.110001,7.45,93.57
7/6/2020,9.57,2.81,148.880005,7.5,91.970001
7/7/2020,9.24,2.8,146.570007,7.68,89.709999
7/8/2020,9.67,2.77,157.919998,7.48,89.480003
7/9/2020,9.88,2.75,157.169998,7.44,88.639999
7/10/2020,9.61,2.75,159.440002,7.98,89.370003
7/13/2020,9.49,2.79,154.679993,8.02,89.790001
7/14/2020,9.97,2.76,168.199997,8.08,90.699997
7/15/2020,10.05,2.72,174.850006,7.79,91.440002
7/16/2020,9.82,2.76,164.75,7.63,89.970001
7/17/2020,10.11,2.74,171.580002,7.53,90.709999
7/20/2020,10.33,2.78,176.300003,7.41,88.849998
7/21/2020,10.49,2.89,170.380005,7.97,88.139999
7/22/2020,10.86,2.98,175.649994,8.9,90.57
7/23/2020,10.69,3.37,176.289993,8.95,89.93
7/24/2020,11.11,3.34,171.600006,8.87,89.529999
7/27/2020,12.4,3.87,180.740005,8.59,89.25
7/28/2020,12.24,3.66,170.539993,10.29,90.589996
7/29/2020,12.03,3.7,176.759995,10.7,91.290001
7/30/2020,11.31,3.68,175.259995,10.7,92.970001
7/31/2020,11.24,3.7,175.100006,10.16,90.809998
8/3/2020,11.2,4.23,173.559998,10.51,89.220001
8/4/2020,11.66,4.16,196.149994,11,89.360001
8/5/2020,12.05,4.27,216.059998,10.47,88.949997
8/6/2020,11.86,4.6,206.320007,9.88,89.650002
8/7/2020,11.39,4.28,211.470001,9.41,88.900002
8/10/2020,11.41,4.28,211.5,8.83,88.879997
8/11/2020,10.8,4.19,204.080002,8.69,89.370003
8/12/2020,11.07,4.11,215.179993,8.81,90.400002
8/13/2020,11.38,3.97,225.179993,9.25,87.940002
8/14/2020,12.5,3.96,219.210007,9.46,88.18
8/17/2020,13,4.05,219.330002,8.96,88.839996
8/18/2020,12.62,4,219.020004,8.95,88.400002
8/19/2020,11.91,3.86,220.710007,9,86.860001
8/20/2020,11.74,3.66,217.199997,8.99,87.760002
8/21/2020,11.6,3.67,213.289993,8.88,87.660004
8/24/2020,11.66,3.79,210.839996,8.67,88.160004
8/25/2020,11.67,3.73,213.160004,9.09,89.139999
8/26/2020,11.84,3.76,214.919998,9.19,86.730003
8/27/2020,11.88,3.65,210.440002,8.58,89.669998
8/28/2020,12.41,3.63,221.190002,8.33,91.080002
8/31/2020,12.31,3.54,221.149994,8.25,90.940002
9/1/2020,12.44,3.64,223.759995,7.87,91
9/2/2020,12.68,3.64,220.330002,7.91,91.790001
9/3/2020,12.74,3.48,195.449997,8.22,92.150002
9/4/2020,13.19,3.56,194.610001,7.97,93.190002
9/8/2020,12.59,3.74,189.050003,7.81,91.040001
9/9/2020,13.44,3.97,193.559998,7.88,91.440002
9/10/2020,13.36,3.89,187,7.84,90.440002
9/11/2020,13.34,3.85,183.960007,7.7,89.699997
9/14/2020,12.83,4.05,196.119995,7.79,93.199997
9/15/2020,12.82,4.32,199,7.77,92.010002
9/16/2020,12.63,4.3,201.759995,7.51,92.510002
9/17/2020,12.29,4.34,187.029999,7.43,91.330002
9/18/2020,12.26,4.34,186.210007,7.49,88.970001
9/21/2020,11.37,4.28,190.410004,7.46,86.599998
9/22/2020,11.47,4.29,185.199997,7.53,88.620003
9/23/2020,10.74,4.35,189.440002,7.36,88.019997
9/24/2020,10.82,4.41,191.729996,7.35,88.220001
9/25/2020,10.42,4.23,200.960007,7.51,90.339996
9/28/2020,10.75,4.96,218.289993,7.52,90.970001
9/29/2020,11.14,4.73,231.5,7.48,89.419998
9/30/2020,11.14,4.79,238.350006,7.25,88.980003
10/1/2020,11.19,4.94,248.869995,7.4,91.989998
10/2/2020,11.03,4.81,251.580002,7.89,94.839996
10/5/2020,10.98,5.04,272.589996,8.72,96.559998
10/6/2020,10.49,4.87,271.869995,9.12,96.870003
10/7/2020,10.93,5.23,305.149994,8.87,96.5
10/8/2020,11.38,5.41,289,9.2,98.059998
10/9/2020,12.69,5.7,305.350006,9.13,96.32
10/12/2020,12.43,5.6,297.940002,9.57,97.120003
10/13/2020,12.19,5.45,299.649994,9.46,96.440002
10/14/2020,12.68,5.5,304.519989,9.19,95.190002
10/15/2020,12.44,5.41,302.5,9.49,94.470001
10/16/2020,12.43,5.21,302.019989,9.45,92.18
10/19/2020,11.79,5.28,309.100006,9.39,90.989998
10/20/2020,12.04,5.41,309.799988,9.36,91.279999
10/21/2020,13.04,5.37,279.589996,9.48,91.339996
10/22/2020,12.99,5.84,280.390015,9.55,92.199997
10/23/2020,12.79,5.58,282.880005,10.44,92.389999
10/26/2020,12.28,5.52,273,9.15,90.82
10/27/2020,12.15,5.74,261.839996,9.45,89.300003
10/28/2020,11.24,5.52,263.829987,9.07,88.18
10/29/2020,11.66,5.44,270.089996,9.17,87.800003
10/30/2020,11.87,5.3,257.690002,8.96,92.239998
11/2/2020,12.52,5.22,267.720001,8.94,94.510002
11/3/2020,12.96,5.38,206.369995,9,98.379997
11/4/2020,12.92,5.58,206.559998,8.88,97.379997
11/5/2020,14.02,5.4,233.630005,8.84,97.459999
11/6/2020,14.5,5.34,237.509995,8.95,95.599998
11/9/2020,13.44,5.68,232.520004,9.45,98.599998
11/10/2020,13.35,5.39,225.509995,9.45,101.400002
11/11/2020,12.78,5.54,235.190002,9.84,100
11/12/2020,12.71,5.44,227.199997,8.96,99.910004
11/13/2020,13.36,5.55,221.600006,9,100.309998
11/16/2020,13.72,5.76,228.279999,9.4,101.760002
11/17/2020,12.65,5.63,233.179993,9.79,101.809998
11/18/2020,13.21,5.6,232.820007,9.69,97.919998
11/19/2020,13.3,5.63,244.050003,9.6,97.849998
11/20/2020,13.95,5.78,257.98999,9.6,99.699997
11/23/2020,13.11,6.95,264.799988,9.86,98.639999
11/24/2020,12.89,6.68,268.970001,9.84,100.190002
11/25/2020,13.15,6.77,275.970001,9.72,98.620003
11/27/2020,13.71,6.97,288.230011,9.63,97.739998
11/30/2020,13.37,7.13,277.980011,9.12,98.830002
12/1/2020,14.55,7.42,274.070007,9.5,98.720001
12/2/2020,14.87,7.28,273.5,10,99.209999
12/3/2020,14.41,7.75,272.329987,10.18,100.07
12/4/2020,14.51,8.87,271.970001,10.91,100.739998
12/7/2020,14.89,9.04,278.320007,10.3,101.099998
12/8/2020,14.94,8.76,284.859985,9.61,99.410004
12/9/2020,14.3,8.54,271.76001,9.79,98.309998
12/10/2020,14.62,8.31,273.480011,9.9,95.889999
12/11/2020,14.31,8.12,291.51001,10.13,95.959999
12/14/2020,14.24,8.22,293.320007,9.97,96.5
12/15/2020,14.6,7.94,313.769989,10.05,98.110001
12/16/2020,14.71,7.9,309.720001,9.37,98.599998
12/17/2020,15.6,8.44,305.700012,9.52,99.769997
12/18/2020,15.93,8.13,314.5,9.01,96.480003
12/21/2020,15.79,8.42,318.619995,9.34,97.199997
12/22/2020,15.32,8.16,322.519989,9.24,98.099998
12/23/2020,15.62,8.2,323.980011,9.27,97.349998
12/24/2020,15.72,8.29,324.089996,9.15,98.699997
12/28/2020,15.81,8.64,318.410004,9.3,99.099998
12/29/2020,15.74,8.31,307.970001,9.32,98.529999
12/30/2020,16.299999,8.66,319.100006,9.29,98.730003
12/31/2020,15.89,8.43,319.119995,9.32,99.919998
1/4/2021,16.92,8.01,311.350006,9.26,96.300003
1/5/2021,17.08,8.3,316.809998,9.59,95.540001
1/6/2021,16.469999,8.41,348.130005,9.83,98.040001
1/7/2021,16.77,8.57,365.970001,10.07,96.790001
1/8/2021,16.1,8.5,356.109985,9.96,96.790001
1/11/2021,15.84,9.05,352.049988,9.5,96.010002
1/12/2021,16.35,8.73,346.299988,11.34,96.599998
1/13/2021,16.42,8.89,335.399994,11.24,97.080002
1/14/2021,16.610001,9.51,335.399994,11.15,99.18
1/15/2021,16.07,8.78,282.26001,11.04,100.580002
1/19/2021,16.530001,9.99,295.049988,10.02,99.82
1/20/2021,17.15,9.56,297.179993,10.32,102.639999
1/21/2021,17.219999,10,317.179993,10.32,102.57
1/22/2021,16.68,10.27,321.119995,10.43,102.550003
1/25/2021,15.55,10.2,310.119995,10.42,102.709999
1/26/2021,15.36,9.92,296.679993,10.5,103.599998
1/27/2021,14.3,9.23,285.51001,10.55,101.599998
1/28/2021,15.69,9.28,309.73999,10.26,102.779999
1/29/2021,14.87,9.05,288.329987,10.36,102.150002
2/1/2021,15.79,9.32,300.820007,10.83,104.889999
2/2/2021,15.59,9.48,307.049988,11.13,104.260002
2/3/2021,15.94,9.41,307.079987,10.68,103.739998
2/4/2021,15.99,9.45,301.700012,10.71,103.620003
2/5/2021,16.85,9.62,308.23999,10.7,101.800003
2/8/2021,17.27,10.06,318.829987,11.18,101.959999
2/9/2021,17.16,10.35,325.920013,11.23,101.139999
2/10/2021,18.17,10.16,320.399994,11.16,103.419998
2/11/2021,17.83,10.6,330.779999,11.19,106
2/12/2021,17.879999,10.78,330.890015,11.25,106.540001
2/16/2021,18.85,10.69,331.350006,10.88,106.400002
2/17/2021,18.879999,10.31,334.799988,10.74,105.059998
2/18/2021,18.57,10.3,316.089996,10.71,103.800003
2/19/2021,18.6,10.38,321.98999,10.62,105.129997
2/22/2021,19.41,9.91,288.700012,10.8,104.940002
2/23/2021,18.74,9.81,295.579987,10.56,107.589996
